independent_vari;predicted_prob;ci_lower;ci_upper;parliament_session;final_vote;mean;environment;only_leg
eu_position;0.88;0.85;0.91;EP7;1;1;Environment;1
eu_position;0.91;0.88;0.94;EP7;1;1;Non-environment;1
eu_position;0.56;0.54;0.59;EP7;0;1;Environment;1
eu_position;0.69;0.66;0.72;EP7;0;1;Non-environment;1
galtan;0.76;0.72;0.80;EP7;1;1;Environment;1
galtan;0.57;0.53;0.61;EP7;1;1;Non-environment;1
galtan;0.84;0.81;0.88;EP7;0;1;Environment;1
galtan;0.70;0.66;0.74;EP7;0;1;Non-environment;1
lrecon;0.70;0.66;0.74;EP7;1;1;Environment;1
lrecon;0.59;0.55;0.63;EP7;1;1;Non-environment;1
lrecon;0.80;0.76;0.84;EP7;0;1;Environment;1
lrecon;0.72;0.69;0.76;EP7;0;1;Non-environment;1
eu_position;0.67;0.62;0.72;EP8;1;1;Environment;1
eu_position;0.64;0.59;0.69;EP8;1;1;Non-environment;1
eu_position;0.59;0.53;0.64;EP8;0;1;Environment;1
eu_position;0.60;0.55;0.65;EP8;0;1;Non-environment;1
galtan;0.39;0.32;0.46;EP8;1;1;Environment;1
galtan;0.41;0.34;0.48;EP8;1;1;Non-environment;1
galtan;0.73;0.666;0.80;EP8;0;1;Environment;1
galtan;0.71;0.64;0.78;EP8;0;1;Non-environment;1
lrecon;0.12;0.05;0.2;EP8;1;1;Environment;1
lrecon;0.24;0.16;0.31;EP8;1;1;Non-environment;1
lrecon;0.20;0.12;0.27;EP8;0;1;Environment;1
lrecon;0.51;0.46;0.58;EP8;0;1;Non-environment;1
eu_position;0.88;0.86;0.90;EP9;1;1;Environment;1
eu_position;0.90;0.88;0.92;EP9;1;1;Non-environment;1
eu_position;0.67;0.65;0.69;EP9;0;1;Environment;1
eu_position;0.71;0.69;0.73;EP9;0;1;Non-environment;1
galtan;0.77;0.74;0.81;EP9;1;1;Environment;1
galtan;0.58;0.55;0.62;EP9;1;1;Non-environment;1
galtan;0.78;0.75;0.82;EP9;0;1;Environment;1
galtan;0.78;0.75;0.82;EP9;0;1;Non-environment;1
lrecon;0.49;0.46;0.52;EP9;1;1;Environment;1
lrecon;0.55;0.53;0.58;EP9;1;1;Non-environment;1
lrecon;0.51;0.48;0.53;EP9;0;1;Environment;1
lrecon;0.61;0.59;0.64;EP9;0;1;Non-environment;1
