independent_vari;predicted_prob;ci_lower;ci_upper;parliament_session;final_vote;mean;environment;only_leg
eu_position;0.86;0.83;0.88;EP7;1;1;Environment;0
eu_position;0.93;0.90;0.96;EP7;1;1;Non-environment;0
eu_position;0.50;0.47;0.52;EP7;0;1;Environment;0
eu_position;0.75;0.73;0.78;EP7;0;1;Non-environment;0
galtan;0.83;0.79;0.86;EP7;1;1;Environment;0
galtan;0.52;0.48;0.55;EP7;1;1;Non-environment;0
galtan;0.90;0.86;0.94;EP7;0;1;Environment;0
galtan;0.70;0.66;0.73;EP7;0;1;Non-environment;0
lrecon;0.56;0.52;0.60;EP7;1;1;Environment;0
lrecon;0.56;0.52;0.60;EP7;1;1;Non-environment;0
lrecon;0.70;0.66;0.74;EP7;0;1;Environment;0
lrecon;0.69;0.65;0.73;EP7;0;1;Non-environment;0
eu_position;0.52;0.47;0.57;EP8;1;1;Environment;0
eu_position;0.69;0.65;0.74;EP8;1;1;Non-environment;0
eu_position;0.40;0.35;0.44;EP8;0;1;Environment;0
eu_position;0.63;0.59;0.68;EP8;0;1;Non-environment;0
galtan;0.36;0.29;0.42;EP8;1;1;Environment;0
galtan;0.43;0.37;0.50;EP8;1;1;Non-environment;0
galtan;0.67;0.60;0.74;EP8;0;1;Environment;0
galtan;0.66;0.60;0.73;EP8;0;1;Non-environment;0
lrecon;0.11;0.04;0.19;EP8;1;1;Environment;0
lrecon;0.32;0.25;0.40;EP8;1;1;Non-environment;0
lrecon;0.25;0.17;0.32;EP8;0;1;Environment;0
lrecon;0.47;0.39;0.54;EP8;0;1;Non-environment;0
eu_position;0.83;0.81;0.85;EP9;1;1;Environment;0
eu_position;0.88;0.86;0.90;EP9;1;1;Non-environment;0
eu_position;0.59;0.57;0.60;EP9;0;1;Environment;0
eu_position;0.69;0.67;0.71;EP9;0;1;Non-environment;0
galtan;0.73;0.69;0.76;EP9;1;1;Environment;0
galtan;0.57;0.54;0.61;EP9;1;1;Non-environment;0
galtan;0.82;0.78;0.85;EP9;0;1;Environment;0
galtan;0.76;0.73;0.79;EP9;0;1;Non-environment;0
lrecon;0.44;0.41;0.47;EP9;1;1;Environment;0
lrecon;0.51;0.48;0.54;EP9;1;1;Non-environment;0
lrecon;0.58;0.55;0.61;EP9;0;1;Environment;0
lrecon;0.61;0.58;0.64;EP9;0;1;Non-environment;0
